{
  "ABIRoot": {
    "kind": "Root",
    "name": "AntiFraudFramework",
    "printedName": "AntiFraudFramework",
    "children": [
      {
        "kind": "Import",
        "name": "Foundation",
        "printedName": "Foundation",
        "declKind": "Import",
        "moduleName": "AntiFraudFramework",
        "declAttributes": [
          "RawDocComment"
        ]
      },
      {
        "kind": "TypeDecl",
        "name": "AntiFraudConstants",
        "printedName": "AntiFraudConstants",
        "children": [
          {
            "kind": "Var",
            "name": "shared",
            "printedName": "shared",
            "children": [
              {
                "kind": "TypeNominal",
                "name": "AntiFraudConstants",
                "printedName": "AntiFraudFramework.AntiFraudConstants",
                "usr": "s:18AntiFraudFramework0aB9ConstantsC"
              }
            ],
            "declKind": "Var",
            "usr": "s:18AntiFraudFramework0aB9ConstantsC6sharedACvpZ",
            "mangledName": "$s18AntiFraudFramework0aB9ConstantsC6sharedACvpZ",
            "moduleName": "AntiFraudFramework",
            "static": true,
            "declAttributes": [
              "HasInitialValue",
              "Final",
              "HasStorage",
              "AccessControl"
            ],
            "isLet": true,
            "hasStorage": true,
            "accessors": [
              {
                "kind": "Accessor",
                "name": "Get",
                "printedName": "Get()",
                "children": [
                  {
                    "kind": "TypeNominal",
                    "name": "AntiFraudConstants",
                    "printedName": "AntiFraudFramework.AntiFraudConstants",
                    "usr": "s:18AntiFraudFramework0aB9ConstantsC"
                  }
                ],
                "declKind": "Accessor",
                "usr": "s:18AntiFraudFramework0aB9ConstantsC6sharedACvgZ",
                "mangledName": "$s18AntiFraudFramework0aB9ConstantsC6sharedACvgZ",
                "moduleName": "AntiFraudFramework",
                "static": true,
                "implicit": true,
                "declAttributes": [
                  "Final"
                ],
                "accessorKind": "get"
              }
            ]
          },
          {
            "kind": "Var",
            "name": "ENV",
            "printedName": "ENV",
            "children": [
              {
                "kind": "TypeNominal",
                "name": "Environment",
                "printedName": "AntiFraudFramework.Environment",
                "usr": "s:18AntiFraudFramework11EnvironmentO"
              }
            ],
            "declKind": "Var",
            "usr": "s:18AntiFraudFramework0aB9ConstantsC3ENVAA11EnvironmentOvp",
            "mangledName": "$s18AntiFraudFramework0aB9ConstantsC3ENVAA11EnvironmentOvp",
            "moduleName": "AntiFraudFramework",
            "declAttributes": [
              "HasInitialValue",
              "Final",
              "HasStorage",
              "AccessControl"
            ],
            "isLet": true,
            "hasStorage": true,
            "accessors": [
              {
                "kind": "Accessor",
                "name": "Get",
                "printedName": "Get()",
                "children": [
                  {
                    "kind": "TypeNominal",
                    "name": "Environment",
                    "printedName": "AntiFraudFramework.Environment",
                    "usr": "s:18AntiFraudFramework11EnvironmentO"
                  }
                ],
                "declKind": "Accessor",
                "usr": "s:18AntiFraudFramework0aB9ConstantsC3ENVAA11EnvironmentOvg",
                "mangledName": "$s18AntiFraudFramework0aB9ConstantsC3ENVAA11EnvironmentOvg",
                "moduleName": "AntiFraudFramework",
                "implicit": true,
                "declAttributes": [
                  "Final"
                ],
                "accessorKind": "get"
              }
            ]
          },
          {
            "kind": "Var",
            "name": "API_DOMAIN",
            "printedName": "API_DOMAIN",
            "children": [
              {
                "kind": "TypeNominal",
                "name": "String",
                "printedName": "Swift.String",
                "usr": "s:SS"
              }
            ],
            "declKind": "Var",
            "usr": "s:18AntiFraudFramework0aB9ConstantsC10API_DOMAINSSvp",
            "mangledName": "$s18AntiFraudFramework0aB9ConstantsC10API_DOMAINSSvp",
            "moduleName": "AntiFraudFramework",
            "declAttributes": [
              "Final",
              "HasStorage",
              "AccessControl",
              "RawDocComment"
            ],
            "isLet": true,
            "hasStorage": true,
            "accessors": [
              {
                "kind": "Accessor",
                "name": "Get",
                "printedName": "Get()",
                "children": [
                  {
                    "kind": "TypeNominal",
                    "name": "String",
                    "printedName": "Swift.String",
                    "usr": "s:SS"
                  }
                ],
                "declKind": "Accessor",
                "usr": "s:18AntiFraudFramework0aB9ConstantsC10API_DOMAINSSvg",
                "mangledName": "$s18AntiFraudFramework0aB9ConstantsC10API_DOMAINSSvg",
                "moduleName": "AntiFraudFramework",
                "implicit": true,
                "declAttributes": [
                  "Final"
                ],
                "accessorKind": "get"
              }
            ]
          },
          {
            "kind": "Var",
            "name": "PROFILE_TIMEOUT_S",
            "printedName": "PROFILE_TIMEOUT_S",
            "children": [
              {
                "kind": "TypeNominal",
                "name": "Int",
                "printedName": "Swift.Int",
                "usr": "s:Si"
              }
            ],
            "declKind": "Var",
            "usr": "s:18AntiFraudFramework0aB9ConstantsC17PROFILE_TIMEOUT_SSivp",
            "mangledName": "$s18AntiFraudFramework0aB9ConstantsC17PROFILE_TIMEOUT_SSivp",
            "moduleName": "AntiFraudFramework",
            "declAttributes": [
              "HasInitialValue",
              "Final",
              "HasStorage",
              "AccessControl"
            ],
            "isLet": true,
            "hasStorage": true,
            "accessors": [
              {
                "kind": "Accessor",
                "name": "Get",
                "printedName": "Get()",
                "children": [
                  {
                    "kind": "TypeNominal",
                    "name": "Int",
                    "printedName": "Swift.Int",
                    "usr": "s:Si"
                  }
                ],
                "declKind": "Accessor",
                "usr": "s:18AntiFraudFramework0aB9ConstantsC17PROFILE_TIMEOUT_SSivg",
                "mangledName": "$s18AntiFraudFramework0aB9ConstantsC17PROFILE_TIMEOUT_SSivg",
                "moduleName": "AntiFraudFramework",
                "implicit": true,
                "declAttributes": [
                  "Final"
                ],
                "accessorKind": "get"
              }
            ]
          },
          {
            "kind": "Var",
            "name": "DEVICE_FINGERPRINT_RESULT_TIMEOUT_S",
            "printedName": "DEVICE_FINGERPRINT_RESULT_TIMEOUT_S",
            "children": [
              {
                "kind": "TypeNominal",
                "name": "Int",
                "printedName": "Swift.Int",
                "usr": "s:Si"
              }
            ],
            "declKind": "Var",
            "usr": "s:18AntiFraudFramework0aB9ConstantsC35DEVICE_FINGERPRINT_RESULT_TIMEOUT_SSivp",
            "mangledName": "$s18AntiFraudFramework0aB9ConstantsC35DEVICE_FINGERPRINT_RESULT_TIMEOUT_SSivp",
            "moduleName": "AntiFraudFramework",
            "declAttributes": [
              "HasInitialValue",
              "Final",
              "HasStorage",
              "AccessControl"
            ],
            "isLet": true,
            "hasStorage": true,
            "accessors": [
              {
                "kind": "Accessor",
                "name": "Get",
                "printedName": "Get()",
                "children": [
                  {
                    "kind": "TypeNominal",
                    "name": "Int",
                    "printedName": "Swift.Int",
                    "usr": "s:Si"
                  }
                ],
                "declKind": "Accessor",
                "usr": "s:18AntiFraudFramework0aB9ConstantsC35DEVICE_FINGERPRINT_RESULT_TIMEOUT_SSivg",
                "mangledName": "$s18AntiFraudFramework0aB9ConstantsC35DEVICE_FINGERPRINT_RESULT_TIMEOUT_SSivg",
                "moduleName": "AntiFraudFramework",
                "implicit": true,
                "declAttributes": [
                  "Final"
                ],
                "accessorKind": "get"
              }
            ]
          },
          {
            "kind": "Var",
            "name": "HTTP_TIMEOUT_MS",
            "printedName": "HTTP_TIMEOUT_MS",
            "children": [
              {
                "kind": "TypeNominal",
                "name": "Int",
                "printedName": "Swift.Int",
                "usr": "s:Si"
              }
            ],
            "declKind": "Var",
            "usr": "s:18AntiFraudFramework0aB9ConstantsC15HTTP_TIMEOUT_MSSivp",
            "mangledName": "$s18AntiFraudFramework0aB9ConstantsC15HTTP_TIMEOUT_MSSivp",
            "moduleName": "AntiFraudFramework",
            "declAttributes": [
              "HasInitialValue",
              "Final",
              "HasStorage",
              "AccessControl"
            ],
            "isLet": true,
            "hasStorage": true,
            "accessors": [
              {
                "kind": "Accessor",
                "name": "Get",
                "printedName": "Get()",
                "children": [
                  {
                    "kind": "TypeNominal",
                    "name": "Int",
                    "printedName": "Swift.Int",
                    "usr": "s:Si"
                  }
                ],
                "declKind": "Accessor",
                "usr": "s:18AntiFraudFramework0aB9ConstantsC15HTTP_TIMEOUT_MSSivg",
                "mangledName": "$s18AntiFraudFramework0aB9ConstantsC15HTTP_TIMEOUT_MSSivg",
                "moduleName": "AntiFraudFramework",
                "implicit": true,
                "declAttributes": [
                  "Final"
                ],
                "accessorKind": "get"
              }
            ]
          }
        ],
        "declKind": "Class",
        "usr": "s:18AntiFraudFramework0aB9ConstantsC",
        "mangledName": "$s18AntiFraudFramework0aB9ConstantsC",
        "moduleName": "AntiFraudFramework",
        "declAttributes": [
          "AccessControl"
        ],
        "hasMissingDesignatedInitializers": true,
        "conformances": [
          {
            "kind": "Conformance",
            "name": "Copyable",
            "printedName": "Copyable",
            "usr": "s:s8CopyableP",
            "mangledName": "$ss8CopyableP"
          },
          {
            "kind": "Conformance",
            "name": "Escapable",
            "printedName": "Escapable",
            "usr": "s:s9EscapableP",
            "mangledName": "$ss9EscapableP"
          }
        ]
      },
      {
        "kind": "Import",
        "name": "Foundation",
        "printedName": "Foundation",
        "declKind": "Import",
        "moduleName": "AntiFraudFramework",
        "declAttributes": [
          "RawDocComment"
        ]
      },
      {
        "kind": "Import",
        "name": "TMXProfiling",
        "printedName": "TMXProfiling",
        "declKind": "Import",
        "moduleName": "AntiFraudFramework",
        "declAttributes": [
          "ImplementationOnly"
        ]
      },
      {
        "kind": "Import",
        "name": "TMXProfilingConnections",
        "printedName": "TMXProfilingConnections",
        "declKind": "Import",
        "moduleName": "AntiFraudFramework",
        "declAttributes": [
          "ImplementationOnly"
        ]
      },
      {
        "kind": "TypeDecl",
        "name": "AntiFraud",
        "printedName": "AntiFraud",
        "children": [
          {
            "kind": "Constructor",
            "name": "init",
            "printedName": "init()",
            "children": [
              {
                "kind": "TypeNominal",
                "name": "AntiFraud",
                "printedName": "AntiFraudFramework.AntiFraud",
                "usr": "s:18AntiFraudFramework0aB0C"
              }
            ],
            "declKind": "Constructor",
            "usr": "s:18AntiFraudFramework0aB0CACycfc",
            "mangledName": "$s18AntiFraudFramework0aB0CACycfc",
            "moduleName": "AntiFraudFramework",
            "declAttributes": [
              "AccessControl"
            ],
            "init_kind": "Designated"
          },
          {
            "kind": "Function",
            "name": "executeDeviceFingerPrint",
            "printedName": "executeDeviceFingerPrint(orgId:fingerprintServerUrl:providerIdentifier:)",
            "children": [
              {
                "kind": "TypeNominal",
                "name": "String",
                "printedName": "Swift.String",
                "usr": "s:SS"
              },
              {
                "kind": "TypeNominal",
                "name": "String",
                "printedName": "Swift.String",
                "usr": "s:SS"
              },
              {
                "kind": "TypeNominal",
                "name": "String",
                "printedName": "Swift.String",
                "usr": "s:SS"
              },
              {
                "kind": "TypeNominal",
                "name": "String",
                "printedName": "Swift.String",
                "usr": "s:SS"
              }
            ],
            "declKind": "Func",
            "usr": "s:18AntiFraudFramework0aB0C24executeDeviceFingerPrint5orgId20fingerprintServerUrl18providerIdentifierS2S_S2StYaKF",
            "mangledName": "$s18AntiFraudFramework0aB0C24executeDeviceFingerPrint5orgId20fingerprintServerUrl18providerIdentifierS2S_S2StYaKF",
            "moduleName": "AntiFraudFramework",
            "declAttributes": [
              "AccessControl"
            ],
            "throwing": true,
            "funcSelfKind": "NonMutating"
          }
        ],
        "declKind": "Class",
        "usr": "s:18AntiFraudFramework0aB0C",
        "mangledName": "$s18AntiFraudFramework0aB0C",
        "moduleName": "AntiFraudFramework",
        "declAttributes": [
          "AccessControl"
        ],
        "conformances": [
          {
            "kind": "Conformance",
            "name": "Copyable",
            "printedName": "Copyable",
            "usr": "s:s8CopyableP",
            "mangledName": "$ss8CopyableP"
          },
          {
            "kind": "Conformance",
            "name": "Escapable",
            "printedName": "Escapable",
            "usr": "s:s9EscapableP",
            "mangledName": "$ss9EscapableP"
          }
        ]
      },
      {
        "kind": "Import",
        "name": "Foundation",
        "printedName": "Foundation",
        "declKind": "Import",
        "moduleName": "AntiFraudFramework",
        "declAttributes": [
          "RawDocComment"
        ]
      },
      {
        "kind": "TypeDecl",
        "name": "Environment",
        "printedName": "Environment",
        "children": [
          {
            "kind": "Var",
            "name": "QA",
            "printedName": "QA",
            "children": [
              {
                "kind": "TypeFunc",
                "name": "Function",
                "printedName": "(AntiFraudFramework.Environment.Type) -> AntiFraudFramework.Environment",
                "children": [
                  {
                    "kind": "TypeNominal",
                    "name": "Environment",
                    "printedName": "AntiFraudFramework.Environment",
                    "usr": "s:18AntiFraudFramework11EnvironmentO"
                  },
                  {
                    "kind": "TypeNominal",
                    "name": "Metatype",
                    "printedName": "AntiFraudFramework.Environment.Type",
                    "children": [
                      {
                        "kind": "TypeNominal",
                        "name": "Environment",
                        "printedName": "AntiFraudFramework.Environment",
                        "usr": "s:18AntiFraudFramework11EnvironmentO"
                      }
                    ]
                  }
                ]
              }
            ],
            "declKind": "EnumElement",
            "usr": "s:18AntiFraudFramework11EnvironmentO2QAyA2CmF",
            "mangledName": "$s18AntiFraudFramework11EnvironmentO2QAyA2CmF",
            "moduleName": "AntiFraudFramework"
          },
          {
            "kind": "Var",
            "name": "HML",
            "printedName": "HML",
            "children": [
              {
                "kind": "TypeFunc",
                "name": "Function",
                "printedName": "(AntiFraudFramework.Environment.Type) -> AntiFraudFramework.Environment",
                "children": [
                  {
                    "kind": "TypeNominal",
                    "name": "Environment",
                    "printedName": "AntiFraudFramework.Environment",
                    "usr": "s:18AntiFraudFramework11EnvironmentO"
                  },
                  {
                    "kind": "TypeNominal",
                    "name": "Metatype",
                    "printedName": "AntiFraudFramework.Environment.Type",
                    "children": [
                      {
                        "kind": "TypeNominal",
                        "name": "Environment",
                        "printedName": "AntiFraudFramework.Environment",
                        "usr": "s:18AntiFraudFramework11EnvironmentO"
                      }
                    ]
                  }
                ]
              }
            ],
            "declKind": "EnumElement",
            "usr": "s:18AntiFraudFramework11EnvironmentO3HMLyA2CmF",
            "mangledName": "$s18AntiFraudFramework11EnvironmentO3HMLyA2CmF",
            "moduleName": "AntiFraudFramework"
          },
          {
            "kind": "Var",
            "name": "PROD",
            "printedName": "PROD",
            "children": [
              {
                "kind": "TypeFunc",
                "name": "Function",
                "printedName": "(AntiFraudFramework.Environment.Type) -> AntiFraudFramework.Environment",
                "children": [
                  {
                    "kind": "TypeNominal",
                    "name": "Environment",
                    "printedName": "AntiFraudFramework.Environment",
                    "usr": "s:18AntiFraudFramework11EnvironmentO"
                  },
                  {
                    "kind": "TypeNominal",
                    "name": "Metatype",
                    "printedName": "AntiFraudFramework.Environment.Type",
                    "children": [
                      {
                        "kind": "TypeNominal",
                        "name": "Environment",
                        "printedName": "AntiFraudFramework.Environment",
                        "usr": "s:18AntiFraudFramework11EnvironmentO"
                      }
                    ]
                  }
                ]
              }
            ],
            "declKind": "EnumElement",
            "usr": "s:18AntiFraudFramework11EnvironmentO4PRODyA2CmF",
            "mangledName": "$s18AntiFraudFramework11EnvironmentO4PRODyA2CmF",
            "moduleName": "AntiFraudFramework"
          },
          {
            "kind": "Constructor",
            "name": "init",
            "printedName": "init(rawValue:)",
            "children": [
              {
                "kind": "TypeNominal",
                "name": "Optional",
                "printedName": "AntiFraudFramework.Environment?",
                "children": [
                  {
                    "kind": "TypeNominal",
                    "name": "Environment",
                    "printedName": "AntiFraudFramework.Environment",
                    "usr": "s:18AntiFraudFramework11EnvironmentO"
                  }
                ],
                "usr": "s:Sq"
              },
              {
                "kind": "TypeNominal",
                "name": "String",
                "printedName": "Swift.String",
                "usr": "s:SS"
              }
            ],
            "declKind": "Constructor",
            "usr": "s:18AntiFraudFramework11EnvironmentO8rawValueACSgSS_tcfc",
            "mangledName": "$s18AntiFraudFramework11EnvironmentO8rawValueACSgSS_tcfc",
            "moduleName": "AntiFraudFramework",
            "implicit": true,
            "init_kind": "Designated"
          },
          {
            "kind": "Var",
            "name": "rawValue",
            "printedName": "rawValue",
            "children": [
              {
                "kind": "TypeNominal",
                "name": "String",
                "printedName": "Swift.String",
                "usr": "s:SS"
              }
            ],
            "declKind": "Var",
            "usr": "s:18AntiFraudFramework11EnvironmentO8rawValueSSvp",
            "mangledName": "$s18AntiFraudFramework11EnvironmentO8rawValueSSvp",
            "moduleName": "AntiFraudFramework",
            "implicit": true,
            "accessors": [
              {
                "kind": "Accessor",
                "name": "Get",
                "printedName": "Get()",
                "children": [
                  {
                    "kind": "TypeNominal",
                    "name": "String",
                    "printedName": "Swift.String",
                    "usr": "s:SS"
                  }
                ],
                "declKind": "Accessor",
                "usr": "s:18AntiFraudFramework11EnvironmentO8rawValueSSvg",
                "mangledName": "$s18AntiFraudFramework11EnvironmentO8rawValueSSvg",
                "moduleName": "AntiFraudFramework",
                "implicit": true,
                "accessorKind": "get"
              }
            ]
          }
        ],
        "declKind": "Enum",
        "usr": "s:18AntiFraudFramework11EnvironmentO",
        "mangledName": "$s18AntiFraudFramework11EnvironmentO",
        "moduleName": "AntiFraudFramework",
        "declAttributes": [
          "AccessControl"
        ],
        "enumRawTypeName": "String",
        "conformances": [
          {
            "kind": "Conformance",
            "name": "Copyable",
            "printedName": "Copyable",
            "usr": "s:s8CopyableP",
            "mangledName": "$ss8CopyableP"
          },
          {
            "kind": "Conformance",
            "name": "Escapable",
            "printedName": "Escapable",
            "usr": "s:s9EscapableP",
            "mangledName": "$ss9EscapableP"
          },
          {
            "kind": "Conformance",
            "name": "Equatable",
            "printedName": "Equatable",
            "usr": "s:SQ",
            "mangledName": "$sSQ"
          },
          {
            "kind": "Conformance",
            "name": "Hashable",
            "printedName": "Hashable",
            "usr": "s:SH",
            "mangledName": "$sSH"
          },
          {
            "kind": "Conformance",
            "name": "RawRepresentable",
            "printedName": "RawRepresentable",
            "children": [
              {
                "kind": "TypeWitness",
                "name": "RawValue",
                "printedName": "RawValue",
                "children": [
                  {
                    "kind": "TypeNominal",
                    "name": "String",
                    "printedName": "Swift.String",
                    "usr": "s:SS"
                  }
                ]
              }
            ],
            "usr": "s:SY",
            "mangledName": "$sSY"
          }
        ]
      }
    ],
    "json_format_version": 8
  },
  "ConstValues": [
    {
      "filePath": "\/Users\/flaviospedaletti\/Documents\/projetos\/ios\/Adiq.SDK.AntiFraude.iOS\/AntiFraudFramework\/Models\/AntiFraudConstants.swift",
      "kind": "IntegerLiteral",
      "offset": 442,
      "length": 2,
      "value": "20"
    },
    {
      "filePath": "\/Users\/flaviospedaletti\/Documents\/projetos\/ios\/Adiq.SDK.AntiFraude.iOS\/AntiFraudFramework\/Models\/AntiFraudConstants.swift",
      "kind": "IntegerLiteral",
      "offset": 498,
      "length": 2,
      "value": "20"
    },
    {
      "filePath": "\/Users\/flaviospedaletti\/Documents\/projetos\/ios\/Adiq.SDK.AntiFraude.iOS\/AntiFraudFramework\/Models\/AntiFraudConstants.swift",
      "kind": "IntegerLiteral",
      "offset": 534,
      "length": 5,
      "value": "30000"
    },
    {
      "filePath": "\/Users\/flaviospedaletti\/Documents\/projetos\/ios\/Adiq.SDK.AntiFraude.iOS\/AntiFraudFramework\/Enums\/Environment.swift",
      "kind": "StringLiteral",
      "offset": 168,
      "length": 4,
      "value": "\"QA\""
    },
    {
      "filePath": "\/Users\/flaviospedaletti\/Documents\/projetos\/ios\/Adiq.SDK.AntiFraude.iOS\/AntiFraudFramework\/Enums\/Environment.swift",
      "kind": "StringLiteral",
      "offset": 188,
      "length": 5,
      "value": "\"HML\""
    },
    {
      "filePath": "\/Users\/flaviospedaletti\/Documents\/projetos\/ios\/Adiq.SDK.AntiFraude.iOS\/AntiFraudFramework\/Enums\/Environment.swift",
      "kind": "StringLiteral",
      "offset": 210,
      "length": 6,
      "value": "\"PROD\""
    }
  ]
}